Category,Readiness Question,Evidence Expected,Owner,Status,Gap or Action,Due Date,Verified By,Verification Date
Scope and responsibilities,Are scope roles interfaces and responsibilities clearly defined?,Approved scope responsibility matrix and interface plan,,,,,,
Personnel,Are required personnel assigned competent and available?,Role roster competency or qualification evidence and schedule,,,,,,
Plans and procedures,Are current approved plans and procedures available to the work team?,Controlled plans procedures and revision evidence,,,,,,
Hazards and controls,Have task and interface hazards been identified with controls assigned?,Risk assessments permits control plans or equivalent evidence,,,,,,
Equipment and materials,Are required equipment tools and materials ready and inspected where required?,Inspection maintenance calibration or readiness records,,,,,,
Quality controls,Are inspection acceptance and nonconformance processes defined?,Quality plan inspection criteria and nonconformance process,,,,,,
Emergency preparedness,Are emergency interfaces communications and response expectations understood?,Emergency plan contacts drills briefings or interface evidence,,,,,,
Interfaces,Are owner contractor subcontractor and simultaneous-operation interfaces controlled?,Interface plan coordination records and escalation path,,,,,,
Open actions,Are pre-mobilization findings and actions owned and tracked?,Action register with owners due dates and closure evidence,,,,,,
Leadership decision,Can leadership see unresolved readiness gaps before authorization to proceed?,Readiness summary gap register and decision record,,,,,,
